alert,scent,event
alert,piano,saucy,madam,magma,mamma
alert,raise,caper,gayer
alert,salon,scaly,shall,small
alert,renal,early,large
alert,canoe,sepia,media
alert,scent,event
alert,scent,event
alert,piano,sigma
alert,hoist,night
alert
alert,snare,zebra
alert,piano,saucy,madam,magma,mamma
arose,slirt,durns,curbs,murks,wurps,gurus,zurfs
arose,slirt,durns,curbs,murks,wurps,gurus,zurfs
alert,raise,crane,drape,grape
alert,stoic,thong,photo
alert,poesy,fiend,beech,queue
arose,slirt,durns,curbs,murks,wurps,gurus,zurfs
alert,scorn,quirk
alert,irony,rhino
alert,poesy,spend,speck
alert,noise,debug
alert,shear,cream
alert,sonic,nymph
alert,louse,solve
alert,slant,gloat
arite,notal,sloat,ploat,gloat
arite,loans,capon,ganof,nano-
arite,noser,nuder,neper,neger,newer,never,ne'er
alert,piano,shady,quack
arite,creat,great,wreat,treat
arite,oreas,ureal,cream
arite,orals,franc,prahu,graph
arite,notal,sloat,ploat,gloat
arite,notal,sloat,ploat,gloat,gloat
irate,scone,solve
alert,piano,saucy,madam,magma,mamma
alert,aisle,angle,ample
risen,nicer,diner,miner
sling,slung
trick,trace,truce
trick,alone,shady,happy
alert,piano,sigma
alert,risen,homer,cower,power
alert,piano,saucy,bawdy,mammy
alert,sonic,dough,poppy,boozy,bobby
alert,piano,saucy,bawdy,daddy
alert,renal,early,large
alert,flora
flora,atone,agony,among
alert,sonar,rainy,grand,crank
alert,sonar,rainy,grand,crank
femur,ratio,scorn,crowd
crowd,steal,unify,jumpy,gummy,mummy
stink,clear,flour
alert,piano,chaos,disco,ficus
